{
  "type": "frostedheart:diet_override",
  "groups": {
    "sugars": 0.00654778,
    "proteins": 0.0059286803,
    "vitamin": 0.00654778,
    "grains": 0.0059286803
  },
  "item": "minecraft:cake"
}