{
  "type": "frostedheart:diet_override",
  "groups": {
    "sugars": 0.006138548,
    "proteins": 0.001173879,
    "vegetables": 0.001173879,
    "vitamin": 0.006138548,
    "grains": 0.001173879
  },
  "item": "charcoal_pit:fugu"
}