{
  "type": "frostedheart:diet_override",
  "groups": {
    "sugars": 0.01023091,
    "proteins": 0.0131780505,
    "vegetables": 0.0131780505,
    "vitamin": 0.01023091,
    "grains": 0.0131780505
  },
  "item": "charcoal_pit:fugu"
}