{
  "type": "frostedheart:diet_override",
  "groups": {
    "sugars": 0.015346365,
    "proteins": 0.00978232,
    "vegetables": 0.00978232,
    "vitamin": 0.015346365,
    "grains": 0.00978232
  },
  "item": "charcoal_pit:sushi"
}