{
  "type": "frostedheart:diet_override",
  "groups": {
    "sugars": 0.0044644047,
    "proteins": 0.0029643402,
    "vitamin": 0.0044644047,
    "grains": 0.0029643402
  },
  "item": "rankine:pancake_batter"
}